{
  "users": [
    {
      "id": "1",
      "emid": "123456",
      "account": "a123456",
      "name": "張某某"
    },
    {
      "id": "2",
      "emid": "456789",
      "account": "a456789",
      "name": "王曉慧"
    }
  ],
  "meetings": [
    {
      "meetingid": "a01",
      "meetingname": "A",
      "date": "2023/01/01",
      "starttime": "12:00",
      "endtime": "1:00",
      "place": "A101",
      "signinout": "1/1"
    },
    {
      "meetingid": "a02",
      "meetingname": "B",
      "date": "2023/01/02",
      "starttime": "12:01",
      "endtime": "1:01",
      "place": "A102",
      "signinout": "1/1"
    },
    {
      "meetingid": "a03",
      "meetingname": "C",
      "date": "2023/01/03",
      "starttime": "12:02",
      "endtime": "1:02",
      "place": "A103",
      "signinout": "1/1"
    }
  ]
}